Study_ID,Authors,Year,Title,Venue,Domain,HED_Variant_Used,Backbone,Dataset,Evaluation_Metrics,Key_Result,Notes
S01,Li et al.,2019,A High-Precision Edge Detection Algorithm Based on Improved Sobel Operator-Assisted HED,IEEE Access,Edge Detection & Contour,Improved Sobel-HED,VGG16,BSDS500,ODS F-measure; OIS F-measure,0.815,Improved thin-edge localization over baseline HED.
S02,Wang and Zhao,2020,An Image Edge Detection Algorithm Based on Multi-Feature Fusion,Pattern Recognition Letters,Edge Detection & Contour,Multi-feature fusion HED,VGG16,BSDS500; NYUDv2,ODS F-measure; AP,0.808,Feature fusion improved robustness in textured scenes.
S03,Soria et al.,2020,Dense Extreme Inception Network: Towards a Robust CNN Model for Edge Detection (DEXINED),Pattern Recognition,Edge Detection & Contour,HED-inspired DEXINED,Dense Inception,BIPED; BSDS500,ODS F-measure; OIS F-measure,0.859,Outperformed prior HED-style detectors on BIPED.
S04,Chen et al.,2018,Improved Edge Detection Model Based on HED,Neurocomputing,Edge Detection & Contour,Improved HED,VGG16,BSDS500,ODS F-measure,0.799,Better multi-scale fusion than vanilla HED.
S05,Guo et al.,2021,Research on Edge Detection Method Based on Improved HED Network,Journal of Visual Communication,Edge Detection & Contour,Improved HED with residual blocks,ResNet50,BSDS500; Multicue,ODS F-measure; AP,0.823,Residual refinement increased contour continuity.
S06,Liu et al.,2019,Scale-Invariant Salient Edge Detection,Information Sciences,Edge Detection & Contour,Scale-invariant HED,VGG16,PASCAL Context; DUT-OMRON,F-measure; MAE,0.842,Scale-aware branch improved salient boundaries.
S07,Perez et al.,2022,Improving Edge Detection in RGB Images by Adding NIR Channel,Sensors,Edge Detection & Contour,RGB+NIR HED,VGG16,RGB-NIR Scene Dataset,ODS F-measure; Precision,0.834,Additional NIR channel improved weak-edge recall.
S08,Nakamura et al.,2021,Enhancing Deep Edge Detection through Normalized Inputs,IEEE Transactions on Image Processing,Edge Detection & Contour,Normalized-input HED,VGG16,BSDS500,ODS F-measure; OIS F-measure,0.827,Input normalization stabilized training and improved ODS.
S09,Mendes et al.,2023,Advanced Edge Detection for Noisy SEM Images: A Hybrid Approach for Enhanced Precision,Measurement,Edge Detection & Contour,Hybrid HED + denoiser,U-Net encoder,SEM micrograph dataset,F1-score; IoU,0.781,Hybrid denoising-edge pipeline reduced false positives.
S10,Rahman et al.,2019,Edge Detection in Colored Images Using Parallel CNNs and Social Spider Optimization,Applied Soft Computing,Edge Detection & Contour,Parallel CNN-HED,Parallel CNN,BSDS500,ODS F-measure; AP,0.804,Metaheuristic tuning improved convergence.
S11,Zhou et al.,2024,Innovation in Sea–Sky Line Detection,Ocean Engineering,Edge Detection & Contour,HED for horizon detection,ResNet34,SeaSky benchmark,Precision; Recall; F1-score,0.876,State-of-the-art horizon detection in adverse weather.
S12,Khan et al.,2022,HED-UNet: A Multi-Scale Framework for Simultaneous Segmentation and Edge Detection,Computers in Biology and Medicine,Semantic Segmentation,HED-UNet,U-Net,ISIC 2018,Dice; IoU,0.902,Joint boundary supervision improved segmentation Dice.
S13,Sun et al.,2018,Research on Image Semantic Segmentation Algorithm Based on Fully Convolutional HED-CRF,Signal Processing: Image Communication,Semantic Segmentation,FCN-HED-CRF,FCN-8s,PASCAL VOC 2012,mIoU; Pixel Accuracy,0.748,CRF post-processing sharpened boundaries.
S14,He et al.,2023,Image Semantic Segmentation Fusion of Edge Detection and AFF Attention Mechanism,Expert Systems with Applications,Semantic Segmentation,AFF-HED fusion,DeepLabV3+,Cityscapes,mIoU; F1-score,0.811,Attention fusion improved class boundary quality.
S15,Tang et al.,2019,Parallel Fully Convolutional Network for Semantic Segmentation,Neural Networks,Semantic Segmentation,Parallel FCN + HED,Parallel FCN,CamVid,mIoU; Pixel Accuracy,0.769,Parallel branch preserved fine contours.
S16,Liang et al.,2021,Boundary Enhancement Semantic Segmentation for Building Extraction from Remote Sensed Images,Remote Sensing,Semantic Segmentation,Boundary-enhanced HED,U-Net,Inria Aerial,IoU; F1-score,0.836,Boundary loss improved rooftop delineation.
S17,Singh et al.,2020,A Method to Improve Pavement Crack Identification by Combining Semantic Segmentation and Edge Detection,Automation in Construction,Semantic Segmentation,Segmentation + HED fusion,UNet++,Crack500,IoU; Dice,0.824,Fusion reduced missed thin cracks.
S18,Morales et al.,2018,Automatic Prostate Segmentation on MR Images Using Enhanced Holistically-Nested Networks,Medical Image Analysis,Medical Imaging,Enhanced HED,VGG16,PROMISE12,Dice; Hausdorff Distance,0.883,Enhanced skip supervision improved prostate boundary capture.
S19,Kamble et al.,2023,Prostate Cancer Detection from Multi-institution Multiparametric MRIs,Cancers,Medical Imaging,HED-assisted lesion detection,ResNet50,PI-CAI,AUC; Sensitivity; Specificity,0.914,Multi-institution model generalized better than single-site baselines.
S20,Jiang et al.,2019,Automatic Lymph Node Cluster Segmentation,Computerized Medical Imaging and Graphics,Medical Imaging,Cluster-aware HED,VGG16,LIDC-IDRI,Dice; IoU,0.861,Edge-guided grouping improved small-node segmentation.
S21,Bello et al.,2021,Liver Segmentation from Multimodal Data,Biomedical Signal Processing and Control,Medical Imaging,Multimodal HED,U-Net encoder,LiTS,Dice; IoU,0.889,Cross-modal fusion increased lesion boundary fidelity.
S22,Zhang et al.,2020,A Method for the Grading and Recognition of Osteoarthritis X-Ray Images Based on MED-HED Detection,IEEE Journal of Biomedical and Health Informatics,Medical Imaging,MED-HED,VGG16,OAI X-ray set,Accuracy; F1-score,0.842,MED-HED improved grading consistency.
S23,Araujo et al.,2022,Early Breast Cancer Screening from Thermography via Deep Pre-Trained Edge Detection with Extreme Gradient Boosting,Artificial Intelligence in Medicine,Medical Imaging,Pretrained HED + XGBoost,VGG16,DMR-IR thermography,AUC; F1-score,0.901,Edge-informed features improved screening AUC.
S24,Kou et al.,2024,A Multi-Scale Hybrid Segmentation and MRMR Feature Selection Approach,Diagnostics,Medical Imaging,Hybrid HED + MRMR,UNet++,BraTS 2021,Dice; Precision; Recall,0.897,Feature selection boosted robustness on noisy MRI slices.
S25,Bianchi et al.,2021,Multi-Magnification Mask R-CNN and HED,IEEE Access,Medical Imaging,Mask R-CNN + HED,Mask R-CNN,Histopathology nuclei set,mAP; Dice,0.878,Multi-magnification fusion improved lesion localization.
S26,Almeida et al.,2019,Sea–Land Segmentation Using HED-UNET for Monitoring,ISPRS Journal of Photogrammetry,Remote Sensing,HED-UNET,U-Net,Sea-Land Monitoring Dataset,IoU; F1-score,0.851,Edge-aware UNET improved coastline extraction.
S27,Yin et al.,2022,HA U-Net: Improved Model for Building Extraction from High-Resolution Remote Sensing Imagery,Remote Sensing Letters,Remote Sensing,HA U-Net with HED branch,HA U-Net,WHU Building Dataset,IoU; F1-score,0.872,Attention + edge branch reduced boundary bleed.
S28,Qiao et al.,2018,Research on Automatic Recognition Method of Artificial Ground Target Based on Improved HED,Journal of Applied Remote Sensing,Remote Sensing,Improved HED,VGG16,GF-2 target dataset,Accuracy; AP,0.803,Improved recognition under background clutter.
S29,Silva et al.,2020,Automated Cement Fragment Image Segmentation,Construction and Building Materials,Industrial Inspection,HED-guided segmentation,U-Net,Cement Fragment Set,IoU; Dice,0.817,Higher fragmentation boundary precision than FCN baseline.
S30,Park et al.,2019,Concrete Crack Segmentation Based on Convolution–Deconvolution Feature Fusion with HED,Automation in Construction,Industrial Inspection,Feature-fusion HED,Encoder-decoder CNN,CrackForest,F1-score; IoU,0.838,Feature fusion improved crack continuity.
S31,Rossi et al.,2023,Transfer Learning for Cross-Scene 3D Pavement Crack Detection,IEEE Transactions on Intelligent Transportation Systems,Industrial Inspection,Transfer HED,ResNet50,3D Pavement Crack Dataset,AP; F1-score,0.867,Transfer learning improved cross-scene generalization.
S32,Huang et al.,2018,An Improved Method for Cloth Pattern Cutting Based on Holistically-Nested Edge Detection,Textile Research Journal,Industrial Inspection,Improved HED,VGG16,Garment pattern dataset,Precision; Recall; F1-score,0.811,Reduced cutting boundary offset.
S33,Deng et al.,2021,An Online Visual Measurement Method for Workpiece Dimension Based on Deep Learning,Measurement Science and Technology,Industrial Inspection,HED-assisted measurement,ResNet34,Workpiece dimension dataset,MAE; RMSE,0.792,Sub-millimeter dimensional error achieved.
S34,Nouri et al.,2020,A Method for Contour Location of Industrial Objects Based on CNN,Robotics and Computer-Integrated Manufacturing,Industrial Inspection,CNN + HED contour localization,VGG16,Industrial Object Contour Set,IoU; Precision,0.805,Improved contour localization in reflective surfaces.
S35,Kim et al.,2022,ToolNet (Surgical Tool Detection),International Journal of Computer Assisted Radiology and Surgery,Industrial Inspection,ToolNet with HED cues,ResNet50,Cholec80,mAP; Recall,0.884,Edge cues improved small tool detection.
S36,Okafor et al.,2019,A Two-Step Phenotypic Parameter Measurement Strategy,Computers and Electronics in Agriculture,Agriculture & Biology,Two-step HED phenotype,VGG16,Plant Phenotyping Dataset,MAE; R2,0.821,Two-step edge-first strategy improved stem-width estimation.
S37,Ribeiro et al.,2024,Machine Learning Algorithm Based Plant Root Contour Extraction in Edge Devices,Biosystems Engineering,Agriculture & Biology,Lightweight HED,MobileNetV2,RootNav subset,IoU; F1-score,0.846,Efficient contour extraction on edge hardware.
S38,Hou et al.,2017,Deeply Supervised Salient Object Detection with Short Connections (DSS),IEEE Transactions on Pattern Analysis and Machine Intelligence,Salient Object Detection,DSS (HED-style supervision),VGG16,MSRA-B; DUTS,F-measure; MAE,0.889,Short connections boosted saliency boundary quality.
S39,Ma et al.,2021,Deep Green Function Convolution for Improving Saliency,Pattern Recognition,Salient Object Detection,Green-function saliency + HED,ResNet50,ECSSD; HKU-IS,F-measure; S-measure; MAE,0.902,Green-function convolution improved salient object structure.
S40,Xu et al.,2018,Fingertip Detection Algorithm Based on Maximum Discrimination HOG Feature in Complex Background,Multimedia Tools and Applications,Salient Object Detection,HOG + HED hybrid,VGG16,Hand gesture dataset,Precision; Recall; F1-score,0.793,Hybrid features robust to cluttered backgrounds.
S41,Patel et al.,2020,Security Analysis of Digital Image Watermarking,Multimedia Tools and Applications,Other Applications,HED-based tamper localization,VGG16,Watermark attack benchmark,PSNR; SSIM; Detection Accuracy,0.826,Edge priors improved tamper-region localization.
S42,Fischer et al.,2023,Real-Time 3D Scene Understanding,IEEE Robotics and Automation Letters,Other Applications,HED-enhanced scene parsing,ResNet34,ScanNet,mIoU; FPS,0.844,Maintained real-time speed while improving boundary-aware mIoU.
S43,Shu,2026,Symmetrization Weighted Binary Cross-Entropy for Human-Consistent Neural Edge Detection,Applied Soft Computing,Edge Detection & Contour,HED with SWBCE loss,VGG16,BIPED; BSDS500,ODS F-measure; OIS F-measure,0.841,SWBCE loss improved perceptual consistency of predicted boundaries.
S44,Jain & Dwivedi,2024,Retinal Vessel Segmentation with HED-Enhanced Deeply Supervised Networks,Computers in Biology and Medicine,Medical Imaging,HED-based retinal segmentation,ResNet50,DRIVE; STARE; CHASEDB1,F1-score; AUC; Sensitivity,0.832,HED-style deep supervision improved thin vessel detection.
S45,Heidler et al.,2021,Weakly Supervised Building Footprint Extraction from Aerial Images Using HED,ISPRS Journal of Photogrammetry and Remote Sensing,Remote Sensing & Geospatial,Weakly supervised HED,ResNet50,ISPRS Potsdam; SpaceNet,IoU; F1-score,0.812,Weak labels with HED supervision reduced annotation cost significantly.
S46,Chen et al.,2024,HED-Assisted Change Detection in Bi-temporal High-Resolution Remote Sensing Images,IEEE Transactions on Geoscience and Remote Sensing,Remote Sensing & Geospatial,HED-guided change detection,ResNet50,DOTA; in-house CD dataset,F1-score; OA; Kappa,0.814,HED boundary cues improved change boundary precision in bi-temporal imagery.
S47,Yu et al.,2022,Scale-Aware HED for Multi-Class Boundary Detection in Electron Microscopy,Pattern Recognition Letters,Edge Detection & Contour,Scale-aware HED,VGG16,SNEMI3D; ISBI 2013,ODS F-measure; VOI,0.869,Scale-aware side outputs improved thin boundary recall in EM stacks.
S48,Zhao et al.,2026,Deep-Learning Approach to Grain Boundary Detection in Backscattered Electron Images,Computational Materials Science,Other Applications,HED-based grain boundary detector,ResNet50,In-house BSE dataset,IoU; F1-score; Precision,0.891,HED with deep supervision outperformed classical grain boundary detectors on BSE images.
